STORE_NM,ADDR,UPJONG_DESC

오드비어,"서울 강서구  강서로  429-0, 121호 (마곡동,마곡오드카운티1차)",SEARCH_ADD

상주신성식당,"경북 상주시  냉림4길  112-0, (93-56외 2필지) (냉림동)",한식_SUB

3구역공인중개사사무소,"서울 강서구  개화동로23길  99-0, (방화동)",JHY_EDIT

차오름,"강원 춘천시  백령로147번길  25-0, 304호 (효자동)",FRAN

에이스보드카페,"서울 마포구  독막로7길  27-0, 지층 (서교동)",SEARCH_ADD

혼술식당 삼송점,"경기 고양시 덕양구  권율대로  831-0, 101호 (신원동,신원마을호반베르디움9단지)",한식_SUB

다솜커피숍,"인천 부평구  백범로432번길  64-0, 2층 (십정동)",SEARCH

드림기획,"광주 북구  설죽로214번길  127-0, 1층 용봉동 (용봉동)",

주식회사행복한밥집,"울산 중구  내황12길  6-0, 1층 (반구동)",한식_SUB

리치스터디카페,"강원 원주시  영랑길  14-1, 401호 (행구동,서영빌딩)",JHY_EDIT

원조뼈다귀 딜리버리,"경기 남양주시  미금로  136-0, 1층 일부 (다산동)",SEARCH

더 밥집,"인천 동구  송림로  142-0, 1층 (송림동)",한식_SUB

불타는정글,"경기 오산시  오산로358번길  15-0, 1층 (궐동)",매칭표_매핑

크래프트한스,"인천 연수구  해돋이로120번길  23-0, 1층 111호 (송도동,아크리아빌딩)",FRAN

뷰티이화피부관리실,"경남 밀양시  북성로  71-0, 3층 (내이동)",SEARCH

에스(S) 화장품,"경기 김포시  풍무로146번길  18-0, 3층 309호, 310호 (풍무동,금강리체)",SEARCH

백세이 기획,"인천 미추홀구  경인북길  323-0, 104호 (용현동)",

올리브데올리브(주),"서울 강동구  성안로  163-0, (천호동)",SEARCH_ADD

해영이네밥상,"강원 강릉시 주문진읍 시장길  38-0, 104호 (주문리,주문진수산시장)",한식_SUB

록봉기문둔갑연구원,"서울 금천구  벚꽃로40길  9-0, 1층 (가산동)",SEARCH_ADD

카앤피플 인천남동구6호점,"인천 남동구  경원대로  944-4, 6동 201호 (간석동,영화빌라)",JHY_EDIT

비젼배드민턴센터,"대구 달성군 다사읍 세천로7길  22-8, (세천리)",SEARCH

케이정육,"서울 강서구  허준로  139-0, 상가동 지하1층 (가양동,강변아파트)",SEARCH_ADD

주식회사 우희,"경남 진주시  판문로  416-0, 101호 (판문동)",

세종회 수산시장,"대구 달서구  갈밭로  28-0, 1층 101호. 102호 (대곡동)",JHY_EDIT

씨윈드펜션,"전북 부안군 변산면 변산로  3262-0, (도청리)",SEARCH

다오유학원,"충북 진천군 광혜원면 장기길  62-27, C동 403호 (광혜원리,PARK VILL)",

지에스25 장수주공점(상품권),"인천 남동구  장수로  25-0, 상가동 101호 (장수동)",JHY_EDIT

노란마켓 김해점,"경남 김해시  함박로101번길  23-0, 111동 2층 211호 (외동,대동아파트)",매칭표_매핑

민서수산,"서울 성북구  한천로99라길  22-0, (장위동)",JHY_EDIT

락인컴퍼니,"경기 오산시  운암로  89-0, 210동 504호 (오산동,주공아파트)",

서원양곱창,"부산 동래구  충렬대로359번길  23-0, 1층 (안락동)",SEARCH

만배식당,"제주 제주시  도두항길  4-4, 1층 (도두일동)",한식_SUB

대륙6590,"대구 동구  효목로  45-0, 6층 (효목동)",매칭표_매핑

제이지에스비,"서울 강서구  공항대로  213-0, 13층 1301-25호 (마곡동,보타닉파크타워2)",

디자인 여기,"경북 포항시 남구 연일읍 연일중앙로  69-0, 101동 102호 (오천리,영남비치타운2차)",매칭표_매핑

지에스25 양평서종점(상품권),"경기 양평군 서종면 북한강로648번길  1-0, 1층 (문호리)",JHY_EDIT

상품권_3_FDK,"서울 중구  수표로  34-0, 12층 (저동2가,씨티센터타워)",매칭표_매핑

(주)위푸드시스템(외식하기가장좋은집거제점),"경남 거제시  고현천로  52-0, 2층 (고현동)",매칭표_매핑

미오컴퍼니,"대구 중구  국채보상로  720-12, 3층 (동인동4가)",매칭표_매핑

노천카페,"경기 고양시 일산동구  월드고양로  102-52, 2층 일부 (장항동)",SEARCH_ADD

대학인학원,"경기 안양시 동안구  시민대로  171-0, 302호 (비산동,금강벤처텔)",매칭표_매핑

달려라소돼지,"경기 수원시 권선구  정조로  445-0, 1층 (세류동)",SEARCH_ADD

(주)넘버원렌트카 누메라우노,"광주 북구  양산택지로37번길  21-0, 1층 (양산동)",SEARCH_ADD

(A )경기 봄빛베스트,"경기 안양시 만안구  안양로329번길  45-0, 201호 (안양동)",

잉글리시에그 위례센터,"경기 성남시 수정구  위례광장로  300-0, 중앙타워주건축물제1동715호 (창곡동)",JHY_EDIT

알리섬커피,"충남 당진시 송악읍 중흥1길  59-0, 2층 2호(123마트) (중흥리)",SEARCH

대왕산꼼장어,"서울 송파구  풍성로25길  23-1, 1층 (풍납동)",SEARCH

카사랑,"경북 포항시 남구  중흥로100번길  7-0, 3층 (상도동)",

엠제이상사,"인천 서구  이화로26번길  24-0, 202호 (경서동)",

도쿄밥상,"강원 춘천시  중앙로68번길  12-0, 1층 (낙원동)",한식_SUB

하이바이카,"인천 서구  청라커낼로  264-0, 906호 (청라동,청라두손중앙프라자)",

경남해물,"경기 안산시 단원구  라성로  48-0, 지하층 22호 (원곡동,보성상가)",SEARCH_ADD

원 마카롱 온리,"인천 계양구  계양문화로  119-0, 1층 137호 (용종동,인천계양코아루센트럴파크)",SEARCH_ADD

강변육숫간식육식당,"경북 포항시 남구  효성로30번길  26-10, (효자동)",SEARCH_ADD

다문화행정사무소,"서울 종로구  종로  313-0, 401호 (창신동,그린약국)",JHY_EDIT

주인의 주방,"전북 완주군 이서면 오공로  11-23, 108호 (갈산리)",FRAN

동궁찜닭 김해내외점,"경남 김해시  내외중앙로  69-0, 2층 201호 (내동)",SEARCH

석곡명품흑돼지,"광주 북구  설죽로  518-10, 1층 (일곡동)",SEARCH_ADD

통진콜,"경기 김포시 통진읍 율마로438번길  34-29, 1층 (마송리)",

행복한 사람들,"대전 서구  대덕대로185번길  49-0, 5동 (둔산동)",FRAN

엘라피부관리,"광주 서구  월드컵4강로28번길  36-1, 1층 (화정동)",SEARCH

진관삼거리식당1호점,"충남 당진시  당진시장길  27-27, (채운동)",한식_SUB

하트찹쌀꽈배기,"경기 파주시  후곡로  50-0, 상가동 103호 (금촌동,후곡마을뜨란채 분산)",SEARCH_ADD

꼬꼬스토리별내신도시점,"경기 남양주시  별내5로5번길  5-0, 106호 (별내동,지앤지프라자)",매칭표_매핑

서남신시장상인회,"대구 달서구  달구벌대로329길  10-0, 주차장 (감삼동)",JHY_EDIT

4B 갤러리카페,"경북 상주시  남성4길  11-8, (남성동)",SEARCH_ADD

공간드림 스터디카페,"대전 유성구  지족로  283-0, 601호. 602호 (지족동)",JHY_EDIT

내당한우 별관,"충남 홍성군 홍성읍 문화로  146-0, 1층 (오관리)",매칭표_매핑

어린이철학교육연구소독서논술교습소,"대구 남구  봉덕초등길  41-0, 1층 (봉덕동)",SEARCH_ADD

쌈제육백반2호점,"인천 계양구  아나지로  332-0, 201동 1층 115호 (작전동,계양우림카이저팰리스)",한식_SUB

노가리앤비어 하귀점,"제주 제주시 애월읍 하귀9길  56-0, 1층 (하귀1리)",SEARCH_ADD

쏘잉프렌즈,"충남 서산시  한마음13로  45-0, (석림동)",매칭표_매핑

세남매떡볶이,"충북 청주시 상당구  영운천로203번길  5-0, 1층 (용정동)",SEARCH

지에스파크24(주)메가박스 성수점주차장,"서울 성동구  왕십리로  50-0, (성수동1가)",JHY_EDIT

이마트24 연세장례식장원주점,"강원 원주시  일산로  20-0, 1층 (일산동)",SEARCH

냠냠이반찬앤백반,"강원 원주시  원문로100번길  35-0, 1층 103호 (단계동,단계프라자)",한식_SUB

특히스터디카페,"인천 서구  보석로  42-0, 302호 (청라동,청명프라자1)",JHY_EDIT

민이네밥상,"울산 울주군 언양읍 웃방천4길  18-0, 1층 (서부리)",한식_SUB

유선희미용실,"서울 금천구  가산로  99-0, 상가동 115호 (가산동,두산위브아파트)",SEARCH

속초머구리활어수산,"강원 속초시  장사항해안길  58-0, 4호,5호,6호 (장사동)",JHY_EDIT

에이바우트커피용인죽전점,"경기 용인시 수지구  현암로  113-0, 지하1층 (죽전동,지성빌딩)",SEARCH

예능캐슬어린이집,"대구 달서구  월곡로26안길  17-7, (상안동)",SEARCH

백암진미식당,"경북 울진군 온정면 백암온천로  1279-0, (소태리)",한식_SUB

메종휘게,"경기 화성시 남양읍 역골중앙로100번길  15-0, 101호 (남양리)",매칭표_매핑

피닉스엔터테인먼트,"경기 평택시  매봉산4길  66-0, 205호 (비전동)",

(주)콜즈다이나믹스,"부산 남구  황령대로74번길  102-0, (문현동)",

만남커피숍,"경남 양산시  북안남3길  6-0, 1층 (북부동)",SEARCH

비티알(BTR 시흥점),서울 금천구 시흥동 883-15,매칭표_매핑

파스쿠찌,"서울 서초구  서초중앙로  4-0, 1층 (서초동)",FRAN

명품도시락,"강원 태백시  황지북3길  16-0, (황지동)",SEARCH

청춘식당,"경기 파주시 탄현면 엘씨디로241번길  47-9, 1층 102호 (금승리)",한식_SUB

주얼리아,"서울 종로구  종로  137-1, 501호 (종로3가,산호빌딩)",

미그린 스킨앤바디,"서울 광진구  면목로  165-0, 2층 (중곡동)",SEARCH

씨쓰리,"경북 문경시  중앙7길  20-0, 2층 (점촌동)",FRAN

또바기식당,"경북 성주군 성주읍 성주읍2길  25-6, 1층 (경산리)",한식_SUB

르하임스터디카페 대구월성점,"대구 달서구  조암로  39-0, 5층 503호504호 (월성동)",JHY_EDIT

블리스뷰티,"대전 서구  둔산중로  40-0, 230호 (둔산동,둔산더리치빌)",SEARCH

마인드숨,"경기 수원시 영통구  센트럴타운로  107-0, 204동 2-01호 (이의동,광교푸르지오 월드마크, 월드스퀘어)",

지(G)가휴게소식당,"경북 포항시 북구 기계면 기계로  392-0, (지가리)",한식_SUB

디오일렉트로닉스,"경북 영주시  창진로  63-0, 105동 510호 (가흥동,시영아파트)",SEARCH

까스맨 주안점,"인천 미추홀구  주안서로  57-0, B01호 (주안동,탑스퀘어)",매칭표_매핑

1089영어학원,"서울 양천구  목동서로  349-0, 제10층 1011호 1012호 (신정동,센트럴프라자)",SEARCH_ADD

그린라인 경기북부센터,"경기 고양시 덕양구  무원로6번길  61-0, 5층503-7 (행신동)",

코코호도,"경기 수원시 영통구  효원로  372-0, 1층 (매탄동)",FRAN

은혜횟집,강원 삼척시 교동 413-2번지 2/2,SEARCH

이슬,"강원 양양군 양양읍 남서길  9-0, 나동 302호 (남문리,85 남천연립)",

돼지곳간,"강원 강릉시 주문진읍 장성로  54-0, (교항리)",SEARCH_ADD

토즈스터디센터동소문독서실,"서울 성북구  동소문로  40-0, 외5필지  5층 일부 (동소문동3가)",JHY_EDIT

고혜정요가앤발레핏,"부산 강서구  명지오션시티8로6번길  34-0, (명지동)",SEARCH_ADD

엄마의마음,"부산 해운대구  해운대로  428-0, 1층 112호 (우동,동부올림픽타운)",매칭표_매핑

하우투메쓰,"서울 성동구  고산자로4길  34-0, 304동 1601호 (응봉동,응봉동리버그린동아아파트)",

강성함바,"서울 관악구  조원로6길  1-0, 3,4층 (신림동)",한식_SUB

에비뉴코리아,"인천 중구  하늘별빛로  86-0, 929동 3101호 (중산동,인천영종하늘도시한라비발디아파트)",매칭표_매핑

SK에너지(주) 스카이파크주유소,"인천 중구  영종대로  312-0, (운남동)",SEARCH_ADD

장림골목시장 공영주차장,"부산 사하구  장림번영로  9-0, (장림동)",JHY_EDIT

코러스비즈니스컨설팅 주식회사,"서울 중구  삼일대로  343-0, 7층 (저동1가)",JHY_EDIT

비어비어짠비어,"서울 양천구  가로공원로  99-0, 1층 (신월동)",SEARCH_ADD

벧엘민박,"충남 서천군 서면 춘장대길8번길  42-0, (도둔리)",매칭표_매핑

명동카페,"전남 장흥군 관산읍 관산로  92-12, 1층 (죽교리)",SEARCH_ADD

웰컴페이먼츠_상품권_3,"서울 구로구  디지털로32길  30-0, 1307호 (구로동,코오롱디지털타워빌란트)",JHY_EDIT

강서아이폰수리폰사요몰,"서울 강서구  화곡로  178-0, 지하1층 (화곡동)",매칭표_매핑

파리바게뜨,"전북 익산시  익산대로  460-0, 1층 (신동,원광대학병원교수연구동 )",FRAN

그린자원,"경기 파주시 조리읍 문원길  295-13, 가동 (대원리,(주)바이오솔)",

소양닭갈비(출장뷔페),"강원 춘천시  안마산로  30-0, 1층 2층 (온의동)",SEARCH

아마스빈 버블티 화곡역점,"서울 강서구  화곡로  154-0, 1층 (화곡동,청산빌딩)",SEARCH_ADD

대한불교조계종 효심사,"부산 동래구  충렬대로237번가길  31-0, 6층 (수안동)",SEARCH_ADD

홍선생미술-강동지사,"서울 강동구  구천면로  475-0, 상가 101호 (명일동,고덕삼환)",

목수식당,"부산 강서구  신호산단4로64번길  10-0, 102호,103호 (신호동)",한식_SUB

개인택시 부산36바9693,"부산 기장군 정관읍 정관2로  24-0, 201동 1204호 (모전리,정관신도시휴먼시아2단지)",매칭표_매핑

지엠하우징,"서울 강서구  화곡로  334-0, (화곡동)",

땡스 어 라이크 애견카페,"서울 마포구  와우산로21길  21-0, 4층 (서교동)",SEARCH_ADD

소분행,"울산 동구  등대6길  5-0, (방어동)",매칭표_매핑

사단법인 전국친환경농업인연합회,"세종   한누리대로  589-0, 7동 504호 (도담동,해필라움)",JHY_EDIT

위넌스터디카페 화정점,"경기 고양시 덕양구  화신로260번길  66-0, 302, 303호 (화정동,한빛하이죤)",JHY_EDIT

신성식당,"경기 화성시 남양읍 주석로  306-26, 1동 1층 (북양리)",한식_SUB

태수수산,"경남 창원시 마산합포구 구산면 해양관광로  798-0, (석곡리)",JHY_EDIT

수유리찌개백반,"서울 성북구  보문로36길  12-0, 1층 (삼선동4가)",한식_SUB

모다라동서대아트숍,"부산 사상구  주례로  47-0, 366호 (주례동,동서대학교 SP)",매칭표_매핑

(주)아너스테크,"경기 수원시 권선구  구운로63번길  22-15, 203호 (구운동)",

ok클리닝경기북부지사,"경기 의정부시  능곡로  70-0, 102동 801호 (신곡동,으뜸마을신명아파트)",

에그드랍 신제주연동점,"제주 제주시  신대로14길  52-0, 1층 (연동)",매칭표_매핑

장군물류센타,"경기 부천시  봉오대로527번길  23-0, 주변일대 (고강동)",

신한드론로봇교육원,"경기 의정부시  비우로  98-0, 지층 (녹양동)",JHY_EDIT

꼬로록닭갈비N막창,"경기 성남시 분당구  판교로  436-0, 지하1층 3호,4호 (이매동)",SEARCH

이천시립도서관구내식당,"경기 이천시  설봉로81번길  50-0, 지하1층 (창전동)",한식_SUB

룸푸드,"충남 아산시 둔포면 아산밸리중앙로  79-12, 2층 (석곡리)",매칭표_매핑

리얼스칼프,"대구 북구  내곡로  69-0, 상가동 1층 101호 (사수동,대구금호엘에이치천년나무5단지)",매칭표_매핑

(주)조은카페,"인천 중구  공항로  272-0, 제1여객터미널 LS 1층 FB-P3-03 (운서동)",SEARCH_ADD

핑키쌤의 맛있는 놀이터,"서울 노원구  광운로3길  20-3, 1층 101호 (월계동)",

(주) 태웅이앤씨,"부산 금정구  중앙대로  1617-9, 3층 (부곡동)",매칭표_매핑

파리바게뜨,"경남 사천시  벌리로  3-0, (벌리동)",FRAN

두꺼비회수산(황상점),"경북 구미시  수출대로31길  72-1, 1층 (인의동)",JHY_EDIT

위브서점(부천어린이전문서점),"경기 부천시  신흥로  150-1, 802동 214호 (중동,위브더스테이트)",SEARCH_ADD

로브니,"서울 강남구  선릉로85길  8-0, 1층 101호 (역삼동)",매칭표_매핑

개인택시 36바9357,"부산 연제구  월드컵대로58번길  23-0, (연산동)",매칭표_매핑

그라시움미술,"서울 강동구  고덕로  333-0, 122동 2층 204호 (고덕동,고덕그라시움아파트)",

파리바게뜨,경기 고양시 일산구 일산4동 1146 1층상가101,FRAN

선산의류 2호점,"경북 구미시 선산읍 남문로  43-1, (완전리)",SEARCH

게르마늄쑥뜸기,"부산 북구  낙동대로1766번길  25-0, 2층 (구포동)",매칭표_매핑

(주)스타리조트,"서울 종로구  삼봉로  81-0, 731호 (수송동,두산위브파빌리온)",매칭표_매핑

쉐프의 역전포차,"경기 부천시 소사구  송내대로  39-0, 104호 (송내동)",SEARCH

예주 플라워아트,"경기 광주시 초월읍 경안천로  516-0, (무갑리)",SEARCH_ADD

엔솔트플러스,"대구 중구  명륜로  72-0, 2층 (남산동)",매칭표_매핑

서초분식,"충남 서산시  효행6길  24-0, (동문동)",SEARCH

식당아닌척,"경남 창원시 진해구  석동로39번안길  11-0, 1층 (석동)",한식_SUB

은지네 식당,"인천 강화군 길상면 강화동로  11-0, (온수리)",한식_SUB

주식회사 케이투헬스케어,"충북 청주시 상당구  무심동로  484-1, 204호 (영동,오피스밸리)",SEARCH_ADD

바둑이통상,"경북 경주시  임해로  117-0, 1층 (황오동)",SEARCH

리틀라벨르,"경남 진주시  진양호로225번길  13-0, 101동 6층 606호 (평거동,건영아모리움)",

럭셔리홈케어,"경기 평택시  남산로  65-0, 506호 (신장동,보스톤빌)",JHY_EDIT

박재만,"서울 도봉구  해등로  231-0, 5동 801호 (쌍문동,한양2차아파트)",

신바람문화예술교육원,"대구 동구  화랑로75길  6-0, 101동 611호 (방촌동,방촌청구제네스)",

어썸옐로우,"전북 전주시 완산구  메너머1길  16-0, (중화산동2가)",매칭표_매핑

꼴통이네밥집,"경기 화성시 봉담읍 와우안길  60-0, 2층 좌측호 (와우리,예국빌딩)",한식_SUB

지에스25 인덕원사랑점 (상품권),"경기 안양시 동안구  인덕원로  24-0, 1층 일부 (관양동)",JHY_EDIT

주식회사 위드스카이,"전북 전주시 완산구  풍남문4길  32-0, 지하1층 (중앙동4가)",

누룽누룽,"경기 고양시 일산동구  백석로  24-0, 상가동 1층 114호 (백석동,흰돌마을3단지)",매칭표_매핑

티알에프 냉동냉장,"부산 서구  대영로112번길  66-0, 101호 (동대신동2가,향원빌라)",

지에스(GS)25 서산음암(상품권),"충남 서산시 음암면 운암로  208-0, 1층 (도당리)",JHY_EDIT

포텐스터디카페 춘천석사점,"강원 춘천시  퇴계농공로  16-0, 702-1호 (석사동)",JHY_EDIT

상수동 밥한끼,"서울 마포구  독막로  98-0, 상가동 1층 102호 (상수동,상수두산위브아파트)",매칭표_매핑

나비야헤어,"부산 남구  용호로232번길  12-0, 2층 (용호동)",SEARCH

(주)비비지바이오,"서울 강남구  도산대로67길  13-5, 6층 (청담동)",매칭표_매핑

바이씬,"서울 강서구  마곡중앙로  161-1, 1층 118호 (마곡동,마곡나루역캐슬파크)",매칭표_매핑

사랑,"전남 순천시  장선배기길  55-0, 101동 1505호 (조례동,동산아파트)",매칭표_매핑

호센식당,"제주 제주시 애월읍 애월해안로  496-0, 1층 (신엄리)",한식_SUB

모딤,"경기 안양시 동안구  벌말로  66-0, R104호, R105호 (관양동,평촌 하이필드 지식산업센터)",매칭표_매핑

블루펄빌딩,"서울 강남구  도산대로  549-0, (청담동)",JHY_EDIT

디니카페,"부산 사상구  사상로277번길  21-0, 1층 (덕포동)",SEARCH_ADD

카토식당,"경기 고양시 일산동구  일산로  250-0, (마두동)",한식_SUB

최지혜,"서울 강동구  아리수로97길  19-0, 404동 1001호 (강일동,강일리버파크4단지아파트)",

파리바게뜨,경기 시흥시 장현동 538-3,FRAN

충남아산지역자활센터(착한식당),"충남 아산시  청운로  141-0, 1층 (권곡동)",한식_SUB

NEPA,"경북 경산시  경안로  231-0, (중방동)",SEARCH_ADD

지에스이(GSE)어학원,"경기 용인시 처인구 이동읍 백옥대로  751-0, 2층 (천리)",SEARCH_ADD

동신,"서울 노원구  광운로2나길  30-0, 1동 303호 (월계동,동신아파트)",

구름산농산물직거래장터,"경기 광명시  광명로  562-0, 1층 (노온사동)",SEARCH

영상매체기획,"강원 춘천시 동내면 학곡서1길  19-0, 301동 801호 (학곡리,신아아파트)",

플랜에이스터디카페 등촌센터,"서울 양천구  목동중앙북로7길  20-0, 2층 (목동)",JHY_EDIT

주식회사 대박이,"서울 구로구  디지털로34길  55-0, 15층 1502호 (구로동,코오롱싸이언스밸리2차)",

(단)월드,"서울 강남구  강남대로94길  72-0, 지하1층 (역삼동)",FRAN

결정적순간,"서울 중구  삼일대로12길  22-1, 4층 (을지로2가)",

댕댕이연구소,"충북 청주시 청원구  충청대로  97-0, (율량동)",SEARCH_ADD

명품헬스케어,"전북 정읍시  충정로  58-0, 103호 (상동,정읍농협상동지점)",SEARCH_ADD

CJ아트,"충북 청주시 흥덕구  남석로  499-0, (석곡동)",매칭표_매핑

오죽헌 엄마의 밥상,"부산 연제구  아시아드대로  22-0, 2층 (거제동)",한식_SUB

엄마축산,"경기 고양시 덕양구  화중로152번길  4-0, 1층 (화정동)",SEARCH

(주)제이엠에프,"부산 동래구  충렬대로237번길  24-0, (수안동)",매칭표_매핑

노루목식당,"경북 경주시 양북면 어일중앙길  8-0, 1층 (어일리)",한식_SUB

작은섬식당,"대전 중구  선화로  120-0, 1층 (선화동)",한식_SUB

미래경영연구소,"서울 강남구  압구정로50길  28-0, 150호 (신사동,현대로데오상가)",SEARCH_ADD

한국외국어대학교외대어학원,"인천 연수구  해돋이로120번길  23-0, 702호,703호 (송도동)",FRAN

서일영어2관학원,"인천 연수구  독배로40번길  43-0, 5층 (옥련동,신송빌딩)",SEARCH_ADD

불국식당,"경북 경주시  진현로2길  53-0, (진현동)",한식_SUB

대박함바,"강원 춘천시  우두1길  57-0, 1층 (우두동)",한식_SUB

101줄눈,"충북 청주시 흥덕구 강내면 탑연월곡길  62-13, 102동 203호 (월곡리,청원쌍용예가1단지아파트)",JHY_EDIT

서비식당,"서울 동대문구  서울시립대로27길  40-0, 1층 (전농동)",한식_SUB

크로스핏하이퍼짐,"강원 춘천시  서부대성로239번길  29-0, (효자동)",SEARCH_ADD

다온까페,"충남 천안시 서북구  성정공원1길  9-13, 12층 (성정동)",SEARCH_ADD

직거래회수산,"경기 수원시 팔달구  덕영대로  693-0, 102호 (화서동,풍성프라자)",JHY_EDIT

대부여객터미널매점,"경기 안산시 단원구  대부황금로  1567-3, 7호 매점 (대부북동,대부고속카페리)",SEARCH

TGF(Total Golf Fits),"대구 수성구  고모로  157-0, (가천동)",SEARCH_ADD

주문식당,"경북 봉화군 석포면 석포로  185-0, (석포리)",한식_SUB

넘버25호텔 이천터미널점,"경기 이천시  이섭대천로  1229-0, 5-9층 (창전동)",매칭표_매핑

공원장묘원,인천 부평구 부평동 산57번지,매칭표_매핑

국대떡볶이,"강원 원주시 지정면 오크밸리2길  132-0, (판대리)",FRAN

대명셀파공부방,"경기 남양주시  경춘로1308번길  8-12, 102동 605호 (평내동,대명아파트)",JHY_EDIT

피엘컬러,"서울 강남구  논현로76길  24-0, 5002호 (역삼동)",

아람종합상사,"대전 서구  둔산대로117번길  66-0, 6층 623호 (만년동)",매칭표_매핑

밀양콜렉카,"경남 밀양시  북성로7길  34-2, 4동 103호 (내일동,신화아파트)",매칭표_매핑

말례밥집,"부산 중구  충장대로5번길  33-0, 1, 2층 (중앙동4가)",한식_SUB

부대장앤천족,"대구 달서구  화암로  327-0, 1층 103호 및 104호 (대곡동)",매칭표_매핑

참 바다수산,"경남 진주시 정촌면 삼일로106번길  11-0, 1층 (예하리)",JHY_EDIT

안트 방역,"충북 청주시 상당구  쇠내로145번길  15-0, A동 209호 (금천동,뉴타운아파트)",SEARCH_ADD

고돼지 심곡점,"경기 부천시  부일로432번길  13-0, 1층 일부 (심곡동)",SEARCH_ADD

브레댄코,"서울 강남구  영동대로85길  13-0, 1층 (대치동,대치동송석빌딩)",FRAN

건강밥상심마니(은계점),"경기 시흥시  은계번영길  23-0, 307,8,9호 (은행동)",한식_SUB

선식당 목동점,"서울 양천구  목동동로  73-0, 2층 203, 204호 (신정동,양지빌딩)",한식_SUB

바른수학연구소,"경기 남양주시 화도읍 경춘로2290번길  2-0, 111동 2203호 (월산리,남양주월산사랑으로부영1단지)",SEARCH_ADD

스트레오 클래식,"서울 서초구  효령로33길  50-0, 105동 303호 (방배동,방배서리풀이편한세상)",

해물먹을래,"경기 군포시  당동로22번길  21-0, 1층 일부호 (당동)",SEARCH_ADD

박샵,"충북 진천군 진천읍 남산길  79-0, 2층 (읍내리)",매칭표_매핑

이승기골프레슨,"서울 송파구  문정로4길  10-15, 103호 (문정동,남서울타운)",SEARCH_ADD

샤이닝케어,"서울 서초구  바우뫼로18길  20-0, 101동 603호 (양재동,양재리본타워1단지)",

제이학원,"인천 중구  하늘중앙로195번길  23-0, 602호 (중산동,하늘프라자)",

강진교SNS경영연구소,"광주 북구  무진성길  14-0, 1층 (두암동)",SEARCH_ADD

이은비영어교습소,"대구 달성군 다사읍 다사로  50-0, 401동 202호 (매곡리,죽곡삼정그린코아더베스트)",SEARCH

넘버원채널,"인천 서구  중봉대로612번길  10-20, 2층 (청라동)",매칭표_매핑

문가네분식집,"전남 영광군 영광읍 현암길  64-2, (남천리)",SEARCH

대구이글스 아이스하키,"대구 달서구  파도고개로  207-0, 지하층 (두류동)",

풀무원녹즙,"울산 남구  돋질로37번길  30-0, (신정동)",FRAN

아오리라멘 인천계양점,"인천 계양구  계양문화로  119-0, 지동101-1층 의 일부 개러지키친7호 (용종동)",SEARCH

신지 주식회사,"경기 부천시  지봉로  53-0, (역곡동)",매칭표_매핑

경애콜렉션,"서울 성동구  연무장13길  3-0, 201호 (성수동2가)",매칭표_매핑

환호비욘드어학원,"경북 포항시 북구  삼호로  395-0, (환호동,3층)",SEARCH_ADD

플라밍고,"경기 수원시 권선구  서둔로  12-0, 다동 212호 (고색동,연안아파트)",

시그니처아레나,"경기 안산시 단원구  초지2로  67-17, 2층 (초지동)",SEARCH

도무지(DOMOOJI),"제주 제주시 한경면 노을해안로  1166-0, (고산리)",

통뼈감자탕,"경남 김해시  활천로267번길  38-0, (삼방동)",FRAN

뮤직엔젤스피아노,"경기 하남시  대청로116번길  30-0, 111동 103호 (창우동,은행동부아파트)",

잉글리시아이(명동사랑채점),"경남 양산시  대운로  145-0, 103동 203호 (명동,명동삼한사랑채아파트)",JHY_EDIT

엘팍맥주상회 김해장유점,"경남 김해시  번화1로44번길  32-0, 202,203호 (대청동,대청프라자)",SEARCH

에이제이(AJ)공조,"경기 부천시  부천로39번길  11-0, 605호 (심곡동)",JHY_EDIT

주식회사제일렌트카강남영업소,"서울 강서구  마곡중앙5로1길  20-0, 518호 (마곡동,마곡나루역보타닉비즈타워)",SEARCH_ADD

최광춘,"서울 양천구  목동중앙남로16마길  35-5, 301호 (목동)",

푸라닭 인천산곡2동점,"인천 부평구  부흥로123번길  43-0, 1층 (산곡동)",SEARCH_ADD

지에스(GS)25 울산온양점(상품권),"울산 울주군 온양읍 온양로  159-0, 1층 (대안리)",JHY_EDIT

제이스카페,"경남 창원시 마산회원구  봉양로  73-0, 1층 (봉암동)",SEARCH_ADD

수림식당 화명동,"부산 북구  화명대로94번길  116-0, 201호 (화명동)",한식_SUB

기성공조시스템,"강원 강릉시  명륜로128번길  5-0, 1층 (포남동)",JHY_EDIT

시우수산 주식회사,"부산 서구  원양로  125-0, 2동 2층 (암남동)",JHY_EDIT

시암골팜,"전남 담양군 금성면 시암골로  180-55, 1층 (원천리)",매칭표_매핑

보튼 플라워 스튜디오,"충남 태안군 태안읍 동백로  385-33, 1층 (평천리,동그라미)",SEARCH

비비추,"서울 금천구  가산디지털1로  145-0, 1505호 (가산동,에이스하이엔드타워3차)",매칭표_매핑

(주)한국알에프주차시스템하나병원주차관리소,"충북 청주시 흥덕구  2순환로  1262-0, (가경동)",JHY_EDIT

공중보건연구소,"대구 중구  달구벌대로443길  43-0, 2층 201호 (삼덕동2가)",SEARCH_ADD

진넥스레이크뷰빌딩,"서울 송파구  오금로  99-0, (방이동)",JHY_EDIT

영우용역,"충북 증평군 증평읍 삼보로  112-0, (초중리)",

CREO,"서울 강남구  남부순환로  2909-0, 601호 (대치동,여천빌딩)",매칭표_매핑

마음챙김 MFHS 명상센터,"부산 수영구  광남로48번길  29-0, 3층 (남천동)",

엄지척왕족발,"경남 창원시 성산구  반송로  107-0, 2층 7호 (반림동,럭키아파트 일반상가 1차)",SEARCH

곱창고,"서울 강남구  강남대로96길  11-0, (역삼동)",FRAN

디저트39 서산해미점,"충남 서산시 해미면 서문1로  6-0, 1층 (읍내리)",SEARCH_ADD

고복식당,"광주 광산구  임방울대로  362-0, (수완동)",한식_SUB

윤선생 영어숲,"울산 북구  신천로  83-0, 301호 (매곡동,H플라자)",FRAN

숙이밥상,"경북 상주시 모동면 용호1길  26-2, 1층 (용호리)",한식_SUB

재단법인 산림힐링재단,"강원 영월군 상동읍 섬지골길  113-0, (내덕리)",

위너플레이펍,"광주 북구  저불로  35-0, 3층 (용봉동)",SEARCH_ADD

지니세상,"경기 파주시 문산읍 사임당로  133-1, 106동 902호 (선유리,선유전진타운)",

일성현장식당,"강원 삼척시  새천년도로  629-107, 강원도 삼척시 갈천동 104 (갈천동)",한식_SUB

9005 비어,"전북 익산시  중앙로  12-58, 1층 (중앙동2가)",SEARCH_ADD

케이크만들기단하나,"경기 용인시 처인구  금령로  86-0, 204호 (김량장동)",FRAN

함덕원식당,"제주 제주시 조천읍 신북로  422-0, 1-2층 (함덕리)",한식_SUB

(주)포인컴_백상앨리츠2차,"경기 성남시 중원구  여수울로15번길  8-3, 1층 (여수동)",JHY_EDIT

주식회사 국보산업,"경남 김해시  내덕로126번길  9-5, (내덕동)",

씨앗식당,"서울 강서구  강서로5가길  42-0, 102호 (화곡동,제일에비앙)",한식_SUB

이배달마약삼겹떡볶이,"충북 청주시 흥덕구 옥산면 오산1길  1-0, 1층 (오산리)",SEARCH

앙카페(uncafe),"경기 구리시  갈매중앙로  70-0, 1층 108호 (갈매동,이룸넘버원리치안)",SEARCH_ADD

에스앤비푸드,"서울 송파구  백제고분로18길  10-0, 1층 (잠실동)",매칭표_매핑

별혜윰,"경기 의정부시  범골로  137-0, (의정부동)",매칭표_매핑

샛별아동심리발달센터 운정점,"경기 파주시  교하로159번길  33-0, 5층 505호 (목동동)",JHY_EDIT

피움 캘리연구소,"경북 영천시 신녕면 대학길  105-0, A동 410호 (화남리,성덕대학교)",SEARCH_ADD

앤드류콰징플랫폼교류중심(ADL E-commerce Platform E,"인천 서구  고산후로161번안길  13-0, 201호 (원당동,호승빌)",

건강한 미래 교육개발원,"인천 미추홀구  석정로10번길  12-0, 지하 101호 (숭의동,신정아파트)",

비허밍스터디카페 부산장산점,"부산 해운대구  해운대로  794-0, 402호 (좌동,엘리움)",JHY_EDIT

데코하우스커튼,"대구 북구  침산로  93-0, 스펙트럼시티2층2203,2204,2205,2206호 (칠성동2가)",매칭표_매핑

성도산업,"경남 창원시 마산합포구  가포순환로  8-0, (가포동)",

원흥빌딩,"경기 용인시 수지구  수지로  125-0, (성복동)",JHY_EDIT

서양식당여유,"경기 평택시  비전5로  20-48, 204호 (비전동)",한식_SUB

보은종합시장상인회,"충북 보은군 보은읍 삼산로3길  12-0, 상가 (삼산리)",JHY_EDIT

필라인식당,"경북 포항시 남구  대이로60번길  4-1, 1층 (대잠동)",한식_SUB

도서체육센터,"강원 속초시  조양로  89-0, (조양동)",SEARCH_ADD

선인모바일케이스,"서울 용산구  새창로  181-0, (한강로2가)",SEARCH_ADD

포스(Force)수학,"강원 삼척시  청석로  64-0, 102동 501호 (정상동,청솔1차아파트)",JHY_EDIT

파리바게뜨,"충남 서산시  동서1로  164-0, 1-103(석남동,정원빌딩)",FRAN

창포알파수학공부방,"경북 포항시 북구  우창로  164-0, 108동 202호 (창포동,창포메트로시티1단지)",JHY_EDIT

눌림이네꼬기왕비빔밥.국밥,"충북 청주시 흥덕구  신율로118번길  26-0, 1층 (복대동)",SEARCH

국수랑 전이랑,"경기 광명시  일직로  72-0, C동 110호 (일직동)",SEARCH_ADD

롯데리아 세종소담점,"세종   한누리대로  2009-0, 1층 101-103호 (소담동)",SEARCH

경기 퀸스맘 의왕지사,"경기 의왕시  갈미2로  38-0, 4층 401-3호 (내손동)",

비너스(VENUS)체형관리,"인천 남동구  인하로  559-0, 3층 305호 (구월동,센트럴프라자)",SEARCH

문산식당 옥이점,"경기 파주시 문산읍 봉미로  19-0, 1층 (선유리)",한식_SUB

자미호프,"서울 구로구  구로동로  167-0, 2층 201호 (구로동,조일뉴타워)",SEARCH

옥란식당,"경기 안산시 단원구  화랑로  159-0, 111호 (초지동,단지내상가)",한식_SUB

에이치디쓰리디 디자인(HD3D 디자인),"경남 진주시  동부로169번길  12-0, B동 1702호 (충무공동)",

비에스(BS)공조,"서울 영등포구  여의대방로43나길  25-0, 107동 502호 (신길동,삼환아파트)",JHY_EDIT

파리바게뜨,"경기 수원시 영통구  인계로  239-0, 성일아파트상가2104호,112호 (매탄동)",FRAN

대한곱창 세종나성점,"세종   한누리대로  288-0, 114, 115, 116호 (나성동,세종갤러리밸류시티)",SEARCH

성심정리수납전문점,"충북 청주시 상당구  호미로201번길  6-5, 1층 (용정동)",

예당,"경기 안산시 상록구  예술광장로  63-0, 202호 (성포동,성포프라자)",FRAN

경성대학교 학생회관 식당,"부산 남구  수영로  309-0, 학생회관 식당 (대연동)",한식_SUB

무지개식당,"경기 성남시 수정구  성남대로  1342-0, GB105호 지하1층(복정동, 가천대학교 가천관)",한식_SUB

써니스윗,"전남 장흥군 대덕읍 거정2길  3-2, 1층 (신월리)",매칭표_매핑

노원학습관 구내식당,"서울 노원구  동일로204길  13-0, 1층 (중계동)",한식_SUB

원주 수 에어컨,"강원 원주시  관설안길  27-1, (관설동)",SEARCH_ADD

리빙아울렛DC백화점,"경기 남양주시 화도읍 마석로  28-0, 1층 (마석우리)",SEARCH_ADD

참숯무궁화식당,"경북 구미시  인동중앙로1길  24-0, 409동 807호 (황상동)",한식_SUB

모미락,"인천 계양구  오조산로89번길  9-0, 1층 101호 (용종동,태영프라자)",FRAN

리치망고,"경남 통영시  통영해안로  361-0, 1층 (동호동)",FRAN

노아앤파트너스,"인천 서구  솔빛로  93-0, 502동 1403호 (청라동,청라SKVIEW)",

이쿠얼키 주식회사,"서울 중구  동호로  310-0, A동 4층 (장충동2가,태광빌딩)",

이마트24 조선대 체대점,"광주 동구  필문대로  309-0, (서석동)",SEARCH

가마솥수제순대국밥,"경북 영천시 신녕면 치산효령로  52-0, 1층 (매양리)",SEARCH

하우스터디 대구대곡스터디카페,"대구 달서구  갈밭로  16-0, 7층 704호 (대곡동,남도빌딩)",JHY_EDIT

늘사랑머리방,"전남 여수시  쌍봉로  370-0, 상가동 2층 204호 (둔덕동,중앙하이츠@)",SEARCH_ADD

쑤기네,"대전 서구  괴정로54번길  28-0, 1층 (괴정동)",매칭표_매핑

청라 제임스권 영어학원,"인천 서구  중봉대로  588-0, 801호 (청라동,청라센트럴프라자)",SEARCH_ADD

(SNC) 나무아래장미,"경북 포항시 남구  해병로  115-0, 상가 (인덕동,가든빌)",매칭표_매핑

삼성척재활의학과의원,"서울 도봉구  노해로63길  84-3, 3층 (창동)",JHY_EDIT

노브랜드 대구학정점,"대구 북구  학정로  535-0, (학정동)",매칭표_매핑

도담찜닭 당진점,"충남 당진시  당진중앙1로  80-0, (읍내동)",SEARCH

GS25 N목포공병대점,"전남 영암군 삼호읍 아산길  14-27, 643 해군 3함대 공병대대 1층 (용당리)",SEARCH

더(THE) 달달 양원점,"서울 중랑구  양원역로  14-0, 1층 (망우동)",매칭표_매핑

수완태권도예절관,"광주 광산구  장덕로  138-0, 상가동 2층 202호, 203호 (수완동,해솔마을현진에버빌1단지)",SEARCH

지에스25 (GS25) 주안한신점(상품권),"인천 미추홀구  인하로352번길  10-0, (주안동)",JHY_EDIT

서울하수구,"서울 서대문구  모래내로  309-0, 101동 1105호 (홍은동,두산아파트)",

사계어촌식당,"제주 서귀포시 안덕면 산방로  382-0, (사계리)",한식_SUB

소담애뜰,"제주 제주시  다랑곶4길  31-0, 1층 102호 (노형동)",SEARCH_ADD

만식당육,"경기 여주시 강천면 강문로  593-0, 2층 (간매리)",한식_SUB

어정밥상,"전북 부안군 보안면 남포원천길  4-0, (남포리)",한식_SUB

수학친구,"서울 강북구  인수봉로  197-18, 1층 (수유동)",JHY_EDIT

도깨비한끼뚝딱밥집,"경기 부천시  역곡로14번길  42-0, 101동 103호 (역곡동,청도포그니에)",한식_SUB

신광시스템,"인천 부평구  경원대로1256번길  14-40, 503호 (부평동,라일실크빌)",

라라코스트 죽곡점,"대구 달성군 다사읍 대실역북로1길  5-5, 2층 202호 (매곡리)",SEARCH_ADD

다해활어시장식당,"대전 대덕구  덕암북로  85-0, 1층 (석봉동)",한식_SUB

다모아점핑,"경기 포천시  삼육사로  2221-0, 2층 (선단동)",매칭표_매핑

천돌축산성거점,"충남 천안시 서북구 성거읍 성거길  60-0, 102호 101호,102호 (천흥리)",SEARCH_ADD

하나로축산물센터,"대구 북구  침산남로44길  47-0, (침산동)",SEARCH_ADD

(A+) 늘찬 복지용구,"서울 송파구  백제고분로40길  31-0, 201호 (석촌동,신세계빌딩)",

용해복식당,"경북 포항시 남구 오천읍 냉천로  332-0, 1층 (원리)",한식_SUB

미들하우스,"인천 연수구  벚꽃로  106-0, 501호 (청학동,연수광장프라자)",

작심스터디카페부산기장점,"부산 기장군 기장읍 차성로344번길  34-0, 2층 (동부리)",JHY_EDIT

아이제스트,"전북 전주시 완산구  경기전길  15-0, 3층 (풍남동1가)",

예가건강원,"경북 구미시  상모로2길  3-2, 1층 (상모동)",SEARCH

마루스터디카페,"서울 영등포구  도림로  289-0, 2층 (신길동)",JHY_EDIT

맛있는 녀석들,"충북 청주시 흥덕구  성봉로  245-1, (복대동)",매칭표_매핑

부래맛돼지,"경남 통영시  안개로  15-8, (무전동)",SEARCH_ADD

와라와라,"충남 아산시  온천대로  1499-0, (온천동)",FRAN

디저트파는소녀,"인천 남동구  경인로  664-0, 1층 (간석동)",SEARCH_ADD

다원포차,"경기 안산시 단원구  와동공원로  44-0, 1층 (와동)",SEARCH

아미까(Amigga),"서울 마포구  숭문길  98-0, 상가 1층 109호 (염리동,마포자이3차)",매칭표_매핑

피자이탈리(PizzaItaly)양주고읍점,"경기 양주시  고읍남로  23-0, 1층 155호 (광사동,메가시티프라자)",SEARCH_ADD

원조 고향식당,"경기 동두천시  동광로81번길  6-0, (생연동)",한식_SUB

글로리식당,"서울 송파구  백제고분로42길  4-13, 1층 (송파동)",한식_SUB

경복대학교,"경기 남양주시 진접읍 경복대로  425-17, 1층 경복대로425 1층 (금곡리)",

멕시카나 평리점,"대구 서구  국채보상로49길  9-0, (평리동)",SEARCH

씨엔티(CNT)이음영어학원,"대구 북구  학정로  431-0, 4층 402호 (동천동)",SEARCH_ADD

경북도서관 북카페,"경북 예천군 호명면 도청대로  200-0, 1층 (산합리)",SEARCH_ADD

97도씨 해물칼국수 영종본점,"인천 중구  영종진광장로  39-0, 1층 101호 (중산동,오션테라스)",SEARCH

상록사실존중 행정사무소,"충남 계룡시 엄사면 번영2길  15-2, (엄사리)",JHY_EDIT

무빙출장세차,"경북 포항시 남구  대이로143번길  6-11, 506호 (이동)",SEARCH

엠에스(MS)영림자판기,"경기 광주시  고불로  450-3, (삼동)",JHY_EDIT

디자인포디엄,광주 북구 용봉동 1395-2,매칭표_매핑

이화만두,"서울 광진구  능동로  278-1, 1층 (능동)",SEARCH

참수리식당,"충남 아산시  무궁화안길  34-0, 1층 (초사동)",한식_SUB

가우스수학,"강원 원주시 지정면 신지정로  325-0, 410동 301호 (가곡리,EG-the1 아파트)",JHY_EDIT

메가스터디&mbest_무,"서울 용산구  한강대로  32-0, (한강로3가,엘지유플러스빌딩)",SEARCH

붐비어,"경기 의정부시  가능로  84-1, (의정부동)",FRAN

(주)이모꼭 차심리상담센터,"경기 성남시 분당구  야탑로65번길  11-0, 2층 (야탑동)",JHY_EDIT

명소식당,"경남 사천시  벌리4길  30-14, (벌리동)",한식_SUB

뉴싱싱허브다이어트,"경기 의정부시  전좌로  204-13, 지하1층 (호원동)",SEARCH

슬비밥상,"경기 수원시 영통구  동수원로514번길  11-0, 102호 (매탄동)",한식_SUB

진도드론교육원,"전남 진도군 고군면 오일시1길  40-0, 진도드론교육원 (고성리)",JHY_EDIT

소소린동대문,"서울 중구  다산로39길  72-0, 1층 (신당동)",매칭표_매핑

쌀로,"서울 종로구  인왕산로  5-0, (사직동)",SEARCH_ADD

앤치킨,"경기 안산시 단원구  광덕2로  194-4, 104호,105호 (고잔동)",FRAN

배내골맛집부산식당,"경남 양산시 원동면 배내로  910-0, (선리)",한식_SUB

(주)세종생활(지점),"경기 고양시 덕양구  읍내로  8-0, (고양동)",매칭표_매핑

수원화성오산축산업협동조합,"경기 수원시 팔달구  효원로  289-0, (인계동)",JHY_EDIT

머리염색방,"대구 서구  북비산로  323-0, 1층 (비산동)",SEARCH_ADD

이래서사람은배워야한다,"대구 서구  달구벌대로337길  45-0, 2층 (내당동)",

디지테크,"대구 북구  팔달북로3길  87-0, (노원동3가)",매칭표_매핑

세사리빙 홍성점,"충남 홍성군 홍성읍 조양로247번길  16-0, (고암리)",SEARCH_ADD

오대타워,"경기 구리시  갈매순환로  96-0, 1층,2층,3층,4층 (갈매동)",JHY_EDIT

어랑주막,"서울 금천구  시흥대로152길  30-0, 1층 4호 (독산동)",FRAN

지에스(GS)25 광주고은점(상품권),"경기 광주시 초월읍 산수로  517-0, 1층 (신월리)",JHY_EDIT

하양까망,"부산 북구  백양대로  1167-1, .",FRAN

GS25안동대학생회관점(상품권),"경북 안동시  경동로  1375-0, (송천동)",JHY_EDIT

타워프로빌아파트입주자대표회의,"제주 제주시  도령로  95-0, 101호 (연동,타워프로빌)",JHY_EDIT

GS25용인플라자CC점 (상품권),"경기 용인시 처인구 남사면 봉무로153번길  79-0, (통삼리)",JHY_EDIT

봄이밥상,"대구 달서구  성서서로36안길  17-0, 1층 105호 (갈산동)",한식_SUB

태강공조시스템,"인천 부평구  배곶북로9번길  5-0, 1층 101호 (십정동)",JHY_EDIT

불교회관 주차장,"부산 부산진구  중앙대로  913-0, (양정동)",JHY_EDIT

솔아로마,"제주 제주시  신광로8길  5-0, 2층 (연동)",매칭표_매핑

동탄비즈타워 관리운영위원회,"경기 화성시  동탄첨단산업1로  63-12, (영천동)",JHY_EDIT

원이식당,"대구 수성구  들안로  198-0, 1층 (황금동)",한식_SUB

대한감자탕,"부산 해운대구  양운로42번길  20-0, 105호 (좌동,조일프라자)",SEARCH

주식회사 씨채널,"서울 중구  세종대로2가길  36-0, 3층 (남대문로5가)",FRAN

보그룸소주방,"광주 광산구  임방울대로800번길  39-0, (월계동)",SEARCH_ADD

아담나무(adam namu),"경기 양평군 서종면 화서로  532-19, (노문리)",

불독피씨방,"서울 노원구  한글비석로  264-0, B01호 (중계동,중계그랜드프라자)",SEARCH

사곡보신원식당,"충남 공주시 사곡면 마곡사로  88-0, 지하1층 (호계리)",한식_SUB

진의학원,"서울 강남구  남부순환로  2927-0, 212호 (대치동,대치 클래시아)",

회나무길식당,"서울 용산구  회나무로32길  14-0, 1층 101호 (이태원동)",한식_SUB

시즌테이블,"서울 은평구  진관2로  15-8, 110호 (진관동,웅신미켈란의아침)",매칭표_매핑

새작골식당,"서울 동대문구  사가정로12길  3-0, 1층 (전농동)",한식_SUB

아름다운 아룸,"서울 영등포구  국회대로55길  30-0, 804호 (당산동,다빈치)",매칭표_매핑

스시가맛있다골목08,"대구 달서구  용산로  230-0, (용산동)",SEARCH

알밥집,"서울 성북구  고려대로27길  20-0, 1층 (안암동5가)",한식_SUB

산모피아(마포 서대문 은평),"서울 마포구  와우산로37길  48-0, 4층 (동교동)",

바삭,서울 영등포구 여의도동 44-14 경도빌딩 1층 117,매칭표_매핑

헤나킹,"대구 수성구  들안로  376-0, (수성동4가)",FRAN

몸에존중화요리,"서울 도봉구  도당로13길  20-0, 1층 (방학동)",SEARCH

정직한밥상 주식회사,"경남 진주시 집현면 진주성로751번길  27-20, 1층 (봉강리) (봉강리)",한식_SUB

광장생아구탕,"대구 서구  서대구로  6-0, (내당동)",SEARCH

에스지프린팅,"광주 광산구  임방울대로  142-12, 102동 1201호 (운남동,삼성아파트)",JHY_EDIT

공부인스터디카페 광주 신창센터,"광주 광산구  신창로  130-0, 2층 (신창동)",JHY_EDIT

카앤피플 부산남구 3호점,"부산 남구  전선등로61번길  49-0, 1층 (대연동)",JHY_EDIT

별이향,"전남 순천시 해룡면 상성길  237-0, 상성길 322 (2층)",FRAN

쏘 블루(so blue),"경남 김해시  월산로  111-48, 803동 1406호 (부곡동,월산마을부영아파트)",

버거킹 서대문역점,"서울 중구  통일로  86-0, 1층 104호 (순화동,바비엥3)",SEARCH

두리테크,"서울 송파구  양산로8길  8-0, 106동 901호 (거여동,거여1단지아파트)",

우리아이 발달 클리닉,"전남 여수시  여서1로  21-0, (여서동)",

성산자동차검사소구내식당,"서울 마포구  월드컵로  220-0, 지하1층 (성산동)",한식_SUB

더누들카페,"세종  조치원읍 새내로  131-0, 1층 (교리)",SEARCH_ADD

물치항도루묵영어조합법인,"강원 양양군 강현면 동해대로  3584-0, 1층 (물치리)",JHY_EDIT

생각대로 경기광주점,"경기 광주시  경안로88번길  7-0, 1층 102호 (경안동)",

수찬이네 왕새우,"인천 중구  우현로49번길  20-2, 1층 (내동)",SEARCH_ADD

웰컴페이먼츠_상품권_4,"서울 구로구  디지털로32길  30-0, 1307호 (구로동,코오롱디지털타워빌란트)",JHY_EDIT

더준피부과의원,"경기 수원시 영통구  광교호수공원로  277-0, 2층 6,7,8,9,10,11 (원천동)",SEARCH

아마노코리아(주) 미사푸르지오시티B동,"서울 영등포구  양산로  43-0, 407호 (양평동3가,우림e-biz센타)",JHY_EDIT

주식회사 헬로우아폴로,"서울 강남구  언주로174길  26-0, 1층, 2층 (신사동)",

대한간병사조합,"대구 동구  동부로  40-0, 5층 (신천동)",

키즈톡톡 아동발달센터,"경기 광주시 오포읍 문형산길  27-0, 2층 202호 (신현리,JP빌딩)",JHY_EDIT

홀인원비어,"경남 김해시  구산로19번길  10-1, 1층 (구산동)",SEARCH_ADD

보배네 식당,"경기 의정부시  태평로100번길  23-0, 1층 (의정부동)",한식_SUB

신신면옥,"인천 미추홀구  주안로  219-0, 1층 (주안동)",SEARCH

고래식당군포당동점,"경기 군포시  고산로  260-0, 1층 (당동)",한식_SUB

삼통치킨,"서울 마포구  포은로  75-0, 1층 (망원동)",FRAN

뉴호방나이트클럽,"부산 사하구  사하로  202-4, 3층 (괴정동)",SEARCH

차량번호판 봉인업소,"전남 영광군 영광읍 신남로  260-1, (남천리)",

파리바게뜨,"울산 남구 야음동 866-3지상1,2층107동125호,208호",FRAN

안주하다,"충남 천안시 동남구  터미널2로  27-0, 1층 (신부동)",매칭표_매핑

제이에이치 프라자,"경기 김포시 양촌읍 황금로274번길  4-0, 경기도 김포시 양촌읍 학운리 학운3일반산업단지 1블럭 2로트 (학운리)",JHY_EDIT

맵겠쮸,"대전 서구  도솔로  89-0, 1층 (도마동)",매칭표_매핑

(신)은강덴트,"경기 용인시 수지구  풍덕천로160번길  18-0, 1층 (풍덕천동)",JHY_EDIT

삼오정,"경북 울진군 울진읍 울진중앙로  111-1, 1층 (읍내리)",매칭표_매핑

주식회사 레드망고,"서울 마포구  와우산로29바길  11-5, (서교동)",FRAN

리프 커피,"서울 중구  동호로  195-15, 1층 (신당동)",SEARCH

읍성 카드전용 주차장,"울산 울주군 언양읍 헌양길  74-0, 동부리 189-2 외1필지 (동부리)",JHY_EDIT

키움영어,"경기 수원시 영통구  덕영대로1555번길  20-0, 944동 411호 (영통동,벽적골롯데아파트)",JHY_EDIT

비스트로네모,"인천 연수구  송도과학로27번길  55-0, 302동 C-118호 (송도동,롯데캐슬캠퍼스타운)",매칭표_매핑

어양자매식당,"전북 익산시  동서로55길  11-0, (어양동)",한식_SUB

에이스 클린,"제주 서귀포시  호근북로32번길  5-0, (호근동)",JHY_EDIT

stick,"서울 강남구  삼성로63길  16-0, 1층 (대치동)",매칭표_매핑

대가진설렁탕,"전북 전주시 덕진구  만성서로  121-34, (여의동)",SEARCH

(주)피플브릿지(우산식당),"경기 화성시 향남읍 한절이1길  6-11, 1층 (하길리)",한식_SUB

인셀덤보석상자,"서울 종로구  자하문로  7-0, (체부동)",SEARCH_ADD

(주)아트랑,"경남 창원시 의창구  봉곡로111번길  8-0, 3층 (봉곡동,동승빌딩)",

바다수산회포차,"충북 음성군 대소면 대금로  484-0, 가동 (태생리)",SEARCH_ADD

은평스카이뷰자이 상가관리위원회,"서울 은평구  통일로  1034-0, (진관동,은평스카이뷰자이)",JHY_EDIT

메타리더십그룹 경남,"경남 창원시 성산구  중앙대로61번길  3-0, 2층 207호 (중앙동,중앙상가호텔)",

파리바게뜨,"인천 중구  하늘별빛로65번길  7-4, 1층 105호 (중산동,현대프라자)",FRAN

주식회사 째보식당,"전북 군산시  구영3길  70-0, (신창동)",한식_SUB

파리바게뜨,경기 부천시 원미구 역곡동 35번지 백호빌딩 101호,FRAN

보스톤수학교습소,"충남 아산시 배방읍 북수로  128-0, 5층 502호 (북수리)",SEARCH

푸라닭부산구서점,"부산 금정구  금강로  467-0, 1층 (구서동)",SEARCH_ADD

협동조합 공감,"전북 익산시  중앙로  12-23, 2층 (중앙동1가)",

쉐프윤찹쌀꽈배기.찹쌀고로케,"서울 강동구  구천면로  275-0, 1층 102호 (천호동)",SEARCH_ADD

영양가득 5일밥상,"강원 원주시  황소마을길  27-6, (명륜동)",한식_SUB

바비바비,"경기 남양주시  다산순환로  365-0, 5207동 1902호 (다산동,힐스테이트다산)",FRAN

머릿고기참숯구이,"충남 천안시 동남구 목천읍 성남로  11-0, 가동 1층 (신계리,황태나라)",매칭표_매핑

주식회사마이맘이,"서울 동작구  신대방1가길  38-0, 지하1층 (신대방동,동작상떼빌아파트)",

테니스IN,"강원 원주시  무실로  193-6, 1층 (명륜동)",SEARCH_ADD

유앤미디어 U앤Media,"충남 아산시 신창면 남성길  198-0, 101동 1102호 (남성리,다소미아파트)",

미세라 화곡지점,"서울 강서구  강서로17길  147-0, B1층 (화곡동)",매칭표_매핑

서울관악지역자활센터,"서울 관악구  문성로  236-0, 5층 (신림동)",

광복상회,"경기 수원시 장안구  파장로21번길  14-0, (파장동)",FRAN

주식회사 중문레포츠랜드,"제주 서귀포시  상예로  349-0, (상예동)",SEARCH_ADD

60계치킨 세종새롬점,"세종   새롬중앙로  62-15, 137, 138호 (새롬동)",SEARCH

아소중기(우신건기),"경기 수원시 팔달구  인계로124번길  37-0, (인계동)",매칭표_매핑

선식당동탄점,"경기 화성시  노작로4길  22-2, 1층 (반송동)",한식_SUB

노랑고래꽈베기무거점,"울산 남구  신복로  71-0, A동 1층 2호 (무거동,선경아파트)",매칭표_매핑

에스제이솔루션,"경기 안양시 동안구  엘에스로  92-0, 19동 214호 (호계동,국제유통단지)",매칭표_매핑

일로마트,"전남 무안군 일로읍 일로로  86-0, 마트 (월암리)",SEARCH

땅스부대찌개구미점,"경북 구미시 고아읍 들성로  218-0, 1동 1층 (문성리)",SEARCH

굿샘영수전문학원,"충북 청주시 상당구  용정로  34-0, 3층 (용정동)",매칭표_매핑

야미마라탕용인점,"경기 용인시 처인구 모현읍 외대로26번길  2-0, 1층 일부 (왕산리)",매칭표_매핑

CGV서면 삼정타워,"부산 부산진구  중앙대로  672-0, 11층 (부전동)",JHY_EDIT

빅벨뮤직,"서울 마포구  독막로42길  2-0, 106동 1401호 (염리동,마포자이)",

마초회관,"인천 서구  염곡로498번안길  6-0, 1층 (가정동)",매칭표_매핑

내밥상한식부폐,"경기 화성시 마도면 쌍송북로  87-0, 1층 1호 (두곡리)",한식_SUB

소담식당,"강원 춘천시  춘천로309번길  9-0, (후평동)",한식_SUB

오즈테크,"충남 논산시 연산면 황산벌로  1351-0, 가동 부1호 (신양리)",

쌀떡궁합,"충북 청주시 흥덕구  월명로  158-0, 일부호 (봉명동)",SEARCH_ADD

가족애,"경남 창원시 성산구  상남로24번길  13-0, 702호 (상남동,상남대호타워아파트)",FRAN

남촌실비식당,"강원 정선군 고한읍 고한로  91-1, (고한리)",한식_SUB

동그라미 아지트,"경기 용인시 처인구 이동읍 경기동로  694-0, 1층 (송전리)",매칭표_매핑

비밀밥상,"서울 성동구  왕십리로  410-0, L동 지하1층 제비121호 (하왕십리동)",한식_SUB

공부인 스터디카페 칠곡운암센터,"대구 북구  구암로  143-0, 5층 (동천동)",JHY_EDIT

숯불에구워먹는촌돼지,"경북 문경시  매봉4길  6-1, 1층 (모전동)",SEARCH_ADD

아마스빈버블티(전남대점),"광주 북구  우치로  100-0, 1층 (용봉동)",SEARCH_ADD

봉계소머리곰탕,"경북 울릉군 울릉읍 도동3길  21-0, (도동리)",SEARCH

도연재가노인복지센터,"경북 경주시  초당길147번길  26-0, (동천동)",

시그마설렁탕,"경기 성남시 분당구  탄천상로  164-0, 지하층 비1-2호 (구미동)",SEARCH

그린몰의원,"서울 강남구  도산대로  107-0, 7층 (신사동)",SEARCH

한줄수학,"경북 포항시 북구  장량중앙로  99-0, 402동 105호 (양덕동,양덕삼구트리니엔4차)",JHY_EDIT

이도곰탕,"서울 강남구  논현로94길  29-5, (역삼동)",FRAN

비상솔루션,"부산 동래구  명안로71번길  30-5, 1층 (명장동)",매칭표_매핑

헬로아트,"경기 부천시  호수로3번길  40-0, 201호 (상동)",

세븐일레븐 대전성남점,"대전 동구  동서대로1572번길  157-0, 1층 (성남동)",SEARCH

마음착한 아재밥상,"광주 북구  첨단연신로91번길  32-10, 1층 111호 (신용동)",한식_SUB

라이브 스낵,"서울 광진구  뚝섬로49길  7-0, 1층 (자양동)",SEARCH

어바웃미,"대구 달성군 현풍읍 테크노상업로  49-0, 109동 205호 (중리,제일풍경채더퍼스트)",FRAN

비어비워,"충북 청주시 상당구  용암북로138번길  30-1, 1층 (용암동)",SEARCH_ADD

큰사랑주야간복지센터,"인천 중구  운남동로  38-28, 1층 (운남동)",

금나와락(로컬푸드통합지원센터),"전남 나주시 산포면 영산로  6187-8, 2층 (내기리,호남권친환경농산물종합물류센터)",매칭표_매핑

파리바게뜨,전북 전주시 완산구 삼천동1가 479-2 2택지3블럭,FRAN

참좋은 농축산물,"충남 논산시 연산면 황룡재로  78-11, 1층 (연산리)",SEARCH_ADD

미쁨,"전북 전주시 완산구  따박골9길  43-0, 1층 (중화산동2가)",매칭표_매핑

주식회사 다사랑,"경북 영덕군 영덕읍 군청길  61-0, (덕곡리)",FRAN

줄라이 플라워 아트,"대구 수성구  들안로28길  11-0, 1층 (황금동)",SEARCH_ADD

달달 (DalDal),"경기 수원시 권선구  경수대로277번길  17-0, 1층 (세류동)",매칭표_매핑

현아머리방,"서울 노원구  동일로182길  37-10, 1층 (공릉동)",SEARCH_ADD

대상라인,"서울 종로구  청계천로  331-0, 라동1층나열17호,18호 (창신동)",JHY_EDIT

아스티 부산 오피스텔 앤 근린생활시설 관리단,"부산 동구  중앙대로214번길  7-8, 1 (초량동)",JHY_EDIT

북촌삼대갈비(하당점),"전남 목포시  비파로  95-0, 1층 (상동)",SEARCH

놀자369퓨전노래주점,"경남 김해시  삼계중앙로  49-0, 401호 (삼계동,청어람빌딩)",SEARCH

파스쿠찌,대구 수성구 두산동 .,FRAN

이디어츠,"서울 구로구  가마산로  232-0, 8층 801호 (구로동,성원상떼뷰)",

언니동생디저트,"경기 부천시  신흥로96번길  47-0, 1층 101호 (심곡동)",SEARCH_ADD

설빙,"인천 중구  하늘달빛로64번길  6-3, 201호 202호 (중산동,스카이메디컬프라자)",FRAN

쌀집아재,"충북 진천군 진천읍 중앙북로  35-0, 1층 (읍내리)",SEARCH_ADD

퍼스트픽쳐스,"전북 군산시  신설3길  4-0, (나운동)",

국어의시작독서논술교습소,"서울 양천구  목동로  212-0, A동 204호 일부 (목동,목동신시가지아파트7단지)",매칭표_매핑

둥이누나,"서울 강남구  자곡로  260-0, 411동 102호 (자곡동,강남한양수자인아파트)",

유유(UU)식당,"경기 하남시  미사강변한강로  270-1, 1층 1-128호 (망월동)",한식_SUB

알파텍,"부산 동래구  석사로  43-0, 1402호 (사직동,유로빌)",매칭표_매핑

파리바게뜨,"전북 익산시  무왕로23길  36-0, (부송동)",FRAN

몽키애드,"대구 달서구  갈밭로  6-0, 502호 (대곡동,대곡메디컬빌딩)",SEARCH

대덕수산,"충남 서천군 서면 서인로  614-0, 충청남도 서천군 서면 도둔리 72-400 (도둔리)",SEARCH

진수네식당,"광주 남구  회재로1231번길  20-2, 1층 (주월동)",한식_SUB

무실한식뷔페,"강원 원주시  만대공원길  18-7, 1층 (무실동)",SEARCH

제주에코워시,"제주 서귀포시  대포중앙로  63-0, 1층 (대포동)",

이디야커피 간석역점,"인천 미추홀구  주안로  219-0, A동 (주안동)",SEARCH

명장숲속교실,"부산 동래구  명장로  65-0, 112동 101호 (명장동,e편한세상동래명장)",

투빈카롱마카롱연구소,"경기 남양주시  천마산로12번길  10-0, 2층 (호평동,연진빌)",SEARCH_ADD

빅뱅영어(본관)학원,"인천 남동구  만수서로  52-0, 202호일부,203호,204호 (만수동,쓰리제이프라자)",SEARCH_ADD

지에스(GS)25 양양북문점 (상품권),"강원 양양군 양양읍 북문길  22-6, (구교리)",JHY_EDIT

세븐일레븐 광양중마대로점,"전남 광양시  중마중앙로  149-0, 1층 101호 (중동)",SEARCH

별수학과외,"경기 광주시  벌원길  64-5, 104동 115호 (탄벌동,동보아파트)",JHY_EDIT

쌍다리돼지불백,"경기 용인시 수지구  신수로  767-0, A동 2층 234호 (동천동,분당수지U-TOWER)",FRAN

프리미엄열공스터디카페(평화점),"전북 전주시 완산구  소대배기로  18-0, 2층 (평화동2가)",JHY_EDIT

깨끗한데이,"인천 서구  마전로5번길  58-0, 401호 (마전동,예은빌)",

메가엠지씨커피이마트킨텍스점,"경기 고양시 일산서구  킨텍스로  171-0, 1층 일부 (대화동)",SEARCH

파리바게뜨,"경기 남양주시 진접읍 장현로  65-0, (장현리)",FRAN

M,"경기 수원시 팔달구  향교로3번길  21-0, 2층,3층 (매산로1가)",매칭표_매핑

강정계대식당,"대구 달서구  호산동로35길  49-0, 1층 (호산동)",한식_SUB

김해전자담배길스,"경남 김해시  분성로  374-0, (동상동)",SEARCH

두근돼지 김치찜,"부산 금정구  부곡로42번길  25-0, 201동 B103호 (부곡동,상가)",SEARCH_ADD

흥해통큰식당,"경북 포항시 북구 흥해읍 동해대로  1586-0, 1층 (마산리)",한식_SUB

앤하우스,"울산 남구  정동로118번길  26-0, 1층 (삼산동)",FRAN

골프존파크 남양스카이,"경기 화성시 남양읍 남양성지로  217-0, 2층 (남양리)",JHY_EDIT

센스콜배달대행,"인천 계양구  아나지로  332-0, 201동 121호 (작전동,계양우림카이저팰리스)",

안심축산물센타은행점,"경기 성남시 중원구  자혜로  79-0, 1층 (은행동)",SEARCH

윤혜림,"경남 양산시 물금읍 신주로  64-0, 101동 402호 (범어리,양산신도시현진에버빌)",

아메리칸불고기,"전북 군산시 옥서면 신장원길  15-0, 1층103호,104호 (선연리)",SEARCH

요리야 반딧불식당,"서울 마포구  와우산로  83-0, 3층 (서교동)",한식_SUB

서울각식당,"경남 진주시  에나로128번길  17-0, 106, 107, 108, 109호 (충무공동)",한식_SUB

디오샵 (D.Oshop),"경북 영주시  대학로  77-0, 8호 (휴천동,LAB)",매칭표_매핑

(주)대보주택,"서울 송파구  오금로  111-0, 1층 (방이동,세기빌딩)",

뽕림이네,"경기 화성시  화산서길18번길  25-1, 1층 (안녕동)",매칭표_매핑

몬스터잼,"서울 마포구  와우산로27길  35-0, 3층 (서교동)",매칭표_매핑

심이노래단란,"전남 여수시  봉산1로  42-1, (봉산동)",매칭표_매핑

심(SIM)심리상담센터,"서울 강남구  논현로159길  27-0, 5층 (신사동,다우빌딩)",JHY_EDIT

갗누리공방카페,"충남 당진시 신평면 맷돌포길  68-0, 1층 (부수리)",SEARCH_ADD

루미에르헤어살롱,"경남 창원시 성산구  원이대로393번길  25-0, 1층 1011호 (반지동,케이프타운)",SEARCH

더인퓨전식당,"경북 구미시  산호대로30길  8-6, (옥계동)",한식_SUB

(주)에이아이헬스케어,"서울 용산구  새창로33길  5-0, 506호 (용문동,용문하이오피스텔)",SEARCH_ADD

로만전주지사,"전북 전주시 덕진구  오공로  43-13, 5층 501호 (중동)",매칭표_매핑

환식당,"서울 종로구  창경궁로29길  28-0, 1층 (명륜2가)",한식_SUB

달빛 흘러간 자리,"서울 용산구  소월로20길  26-16, 내 제1,2층호 (용산동2가)",매칭표_매핑

지에스25 삼산평천로점(상품권),"인천 부평구  평천로506번길  14-0, 1층일부 (삼산동)",JHY_EDIT

주식회사 팀에이기어,"서울 강남구  언주로150길  16-0, 2층,3층 (논현동)",

건생방(건강을먼저생각하는떡방앗간),"경기 하남시  신평로  68-1, 1층 (신장동)",SEARCH

공장식당,"인천 남동구  만월북로44번길  8-5, 1층 (간석동)",한식_SUB

우일상사,"인천 강화군 강화읍 강화대로  365-5, 1층 (남산리)",JHY_EDIT

로아사진관,"서울 마포구  어울마당로5길  31-0, 1층 (서교동)",SEARCH

청아크린,"경기 안산시 단원구  신길로  50-0, 707동 505호 (신길동,휴먼시아)",JHY_EDIT

(주)포인컴_시티파크,"경기 성남시 중원구  여수울로15번길  8-3, 1층 (여수동)",JHY_EDIT

쎈수학러닝센터옥현학원,"울산 남구  옥현로46번길  9-7, (무거동)",SEARCH

(주)우아한형제들,"서울 구로구  디지털로26길  72-0, NHN한국사이버결제 (구로동)",매칭표_매핑

맛닭꼬,"서울 광진구  천호대로129길  22-0, (구의동)",FRAN

동달식당 판교점,"경기 성남시 분당구  대왕판교로  660-0, .",한식_SUB

너의사진관or달보드레스냅,"충북 청주시 흥덕구  봉명로  239-0, 3층 301호 (봉명동,호복빌딩)",SEARCH

에어시스템테크,"전북 전주시 완산구  구룡1길  33-14, 101호 (효자동2가,들꽃마을)",JHY_EDIT

브이아이피리모,"서울 성북구  서경로  29-0, 1층 (정릉동)",

세화컴퍼니,"충북 청주시 서원구  월평로  25-0, 105동 1701호 (분평동,청주분평1단지뜨란채아파트)",

백제종합수산,"전남 영암군 삼호읍 관광레저로  2874-89, 백제종합수산 (난전리)",JHY_EDIT

계룡산업(주)평택고덕식당,"경기 평택시 고덕면 고덕로  283-0, 경기도 평택시 고덕면 좌교리 250 식당1동 평택고덕A45BL 아파트공사현장 (좌교리)",한식_SUB

마포연탄돼지갈비,"강원 원주시  천사로  16-0, 1동 1층 (단계동)",SEARCH

용인김량장점멘토즈독서실,"경기 용인시 처인구  금령로  23-0, 4층 (김량장동)",SEARCH

대박함바식당,"강원 춘천시 동내면 영서로  1860-8, 1층 (학곡리)",한식_SUB

서울마님죽 남부시장점,"서울 강서구  등촌로5길  60-0, 1층 (화곡동)",매칭표_매핑

바른한수학교습소,"서울 도봉구  노해로69길  26-0, 5층 501호 (창동,창동씨티월드)",SEARCH

막창도둑 동촌점,"대구 동구  효동로6길  21-0, 1층 (효목동)",SEARCH

블랙스톤,"서울 서초구  신반포로 지하 200-0, D-79호 (잠원동,강남터미널지하쇼핑몰)",FRAN

작은언니네식당,"인천 강화군 내가면 중앙로  1310-0, 1층 (외포리)",한식_SUB

거차도 수산,"전남 목포시  산정로128번길  41-0, 거차도 수산 (용당동)",JHY_EDIT

모퉁이식당상주점,"경북 상주시  삼백로  109-0, (서문동)",한식_SUB

이정식당회센타,"경남 통영시 사량면 상도일주로  1572-0, (금평리)",SEARCH

지에스(GS)25 광주노대점 (상품권),"광주 남구  노대실로  33-0, 광주진월 B-1블럭 단지내 상가 101호 (노대동)",JHY_EDIT

용 냉열시스템,"강원 춘천시 동면 후석로326번길  96-0, 103동 201호 (만천리,춘천만천엘에이치아파트)",

에이원 구내식당,"경기 화성시 향남읍 발안공단로3길  34-0, 1층 (구문천리)",한식_SUB

육갑식당 본점,"서울 서초구  신반포로23길  41-0, 108호 족삼리 (잠원동,신반포2지구아파트)",한식_SUB

디자인움,"인천 동구  방축로83번길  23-0, 24동 2층 222호 (송림동,인천산업용품유통단지)",

경성대학교 누리생활관 식당,"부산 남구  수영로  309-0, 누리생활관 (대연동)",한식_SUB

콩고물 꽈배기 인덕원점,"경기 안양시 동안구  안양판교로  12-0, 1층 (관양동)",SEARCH_ADD

우리동네점빵,"경남 창원시 진해구  속천로  37-0, 가동 1층 (속천동,등대수산)",SEARCH_ADD

명문국밥,"경북 칠곡군 약목면 관호8길  16-0, 1층 (관호리)",SEARCH
CAFE JUN,"충북 진천군 광혜원면 화랑6길  8-9, 104호 (광혜원리,주식회사대한)",매칭표_매핑
나주개미식당,"서울 강남구  선릉로94길  14-0, 1층 (삼성동)",한식_SUB